{
	"tempHash": "00639A2495A08467",
	"tbluHash": "007920B2FA62617D",
	"patch": [
		{
			"SubEntityOperation": [
				"ebbf9569d0f455f1",
				{
					"SetPropertyValue": {
						"property_name": "Texture2D_02",
						"value": {
							"resource": "0058DAF3B4F5F4B7",
							"flag": "5F"
						}
					}
				}
			]
		},
		{
			"SubEntityOperation": [
				"ebbf9569d0f455f1",
				{
					"SetPropertyValue": {
						"property_name": "Texture2D_01",
						"value": {
							"resource": "[assembly:/_pro/items/textures/firearms/frames/pistol_classic_a/pistol_classic_a_muzzlebrake_c.texture?/diffuse_a.tex](ascolormap).pc_tex",
							"flag": "5F"
						}
					}
				}
			]
		},
		{
			"SubEntityOperation": [
				"ebbf9569d0f455f1",
				{
					"SetPropertyValue": {
						"property_name": "Texture2DNormal_01",
						"value": {
							"resource": "00041F50AC87D2F7",
							"flag": "5F"
						}
					}
				}
			]
		},
		{
			"SubEntityOperation": [
				"ebbf9569d0f455f1",
				{
					"SetPropertyValue": {
						"property_name": "Texture2D_03",
						"value": {
							"resource": "[assembly:/_pro/items/textures/firearms/frames/pistol_classic_a/pistol_classic_a_muzzlebrake_c.texture?/specular_a.tex](ascolormap).pc_tex",
							"flag": "5F"
						}
					}
				}
			]
		},
		{
			"SubEntityOperation": [
				"ebbf9569d0f455f1",
				{
					"SetPropertyValue": {
						"property_name": "ConstantVector1D_01_Value",
						"value": 0.30000001192092896
					}
				}
			]
		},
		{
			"SubEntityOperation": [
				"ebbf9569d0f455f1",
				{
					"AddProperty": [
						"ConstantVector1D_06_Value_op",
						{
							"type": "IRenderMaterialEntity.EModifierOperation",
							"value": "eReplace"
						}
					]
				}
			]
		},
		{
			"SubEntityOperation": [
				"ebbf9569d0f455f1",
				{
					"AddProperty": [
						"ConstantVector1D_06_Value",
						{ "type": "float32", "value": 1.0 }
					]
				}
			]
		},
		{
			"SubEntityOperation": [
				"ebbf9569d0f455f1",
				{
					"AddProperty": [
						"ConstantVector1D_04_Value_op",
						{
							"type": "IRenderMaterialEntity.EModifierOperation",
							"value": "eReplace"
						}
					]
				}
			]
		},
		{
			"SubEntityOperation": [
				"ebbf9569d0f455f1",
				{
					"AddProperty": [
						"ConstantVector1D_04_Value",
						{ "type": "float32", "value": 0.10000000149011612 }
					]
				}
			]
		},
		{
			"SubEntityOperation": [
				"ebbf9569d0f455f1",
				{
					"AddProperty": [
						"ConstantVector1D_05_Value_op",
						{
							"type": "IRenderMaterialEntity.EModifierOperation",
							"value": "eReplace"
						}
					]
				}
			]
		},
		{
			"SubEntityOperation": [
				"ebbf9569d0f455f1",
				{
					"AddProperty": [
						"ConstantVector1D_05_Value",
						{ "type": "float32", "value": 0.5 }
					]
				}
			]
		},
		{
			"SubEntityOperation": [
				"ebbf9569d0f455f1",
				{
					"AddProperty": [
						"ConstantVector1D_07_Value_op",
						{
							"type": "IRenderMaterialEntity.EModifierOperation",
							"value": "eReplace"
						}
					]
				}
			]
		},
		{
			"SubEntityOperation": [
				"ebbf9569d0f455f1",
				{
					"AddProperty": [
						"ConstantVector1D_07_Value",
						{ "type": "float32", "value": 0.0 }
					]
				}
			]
		},
		{
			"SubEntityOperation": [
				"58d177d6dd4f877c",
				{
					"PatchArrayPropertyValue": [
						"m_aMaterialCollection",
						[
							{
								"AddItemAfter": [
									"fd51e1c89f7f1b72",
									"cafe7f319f937840"
								]
							}
						]
					]
				}
			]
		},
		{
			"AddEntity": [
				"cafe9bfdf40f0ea7",
				{
					"parent": "f8be67c3ff254724",
					"name": "pistol_classic_a_muzzlebrake_b03",
					"factory": "[assembly:/_pro/items/materials/firearms/frames/pistol_classic_a/pistol_classic_a_muzzlebrake_b.mi].pc_entitytype",
					"blueprint": "[assembly:/_pro/items/materials/firearms/frames/pistol_classic_a/pistol_classic_a_muzzlebrake_b.mi].pc_entityblueprint",
					"properties": {
						"Active": { "type": "bool", "value": true },
						"Texture2D_02": {
							"type": "ZRuntimeResourceID",
							"value": {
								"resource": "0058DAF3B4F5F4B7",
								"flag": "5F"
							}
						},
						"Texture2D_01": {
							"type": "ZRuntimeResourceID",
							"value": {
								"resource": "[assembly:/_pro/items/textures/firearms/frames/pistol_classic_a/pistol_classic_a_muzzlebrake_c.texture?/diffuse_a.tex](ascolormap).pc_tex",
								"flag": "5F"
							}
						},
						"Texture2DNormal_01": {
							"type": "ZRuntimeResourceID",
							"value": {
								"resource": "00041F50AC87D2F7",
								"flag": "5F"
							}
						},
						"Texture2D_03": {
							"type": "ZRuntimeResourceID",
							"value": {
								"resource": "001CEE5739901DDE",
								"flag": "5F"
							}
						},
						"Override": { "type": "bool", "value": false },
						"Global": { "type": "bool", "value": false },
						"ConstantVector1D_01_Value_op": {
							"type": "IRenderMaterialEntity.EModifierOperation",
							"value": "eReplace"
						},
						"ConstantVector1D_01_Value": {
							"type": "float32",
							"value": 0.30000001192092896
						},
						"Texture2D_03_enab": {
							"type": "bool",
							"value": true
						},
						"Texture2D_01_enab": {
							"type": "bool",
							"value": true
						},
						"Texture2DNormal_01_enab": {
							"type": "bool",
							"value": true
						},
						"Texture2D_02_enab": {
							"type": "bool",
							"value": true
						},
						"m_eidParent": {
							"type": "SEntityTemplateReference",
							"value": "f8be67c3ff254724",
							"postInit": true
						},
						"ConstantVector1D_06_Value_op": {
							"type": "IRenderMaterialEntity.EModifierOperation",
							"value": "eReplace"
						},
						"ConstantVector1D_06_Value": {
							"type": "float32",
							"value": 1.0
						},
						"ConstantVector1D_04_Value_op": {
							"type": "IRenderMaterialEntity.EModifierOperation",
							"value": "eReplace"
						},
						"ConstantVector1D_04_Value": {
							"type": "float32",
							"value": 0.10000000149011612
						},
						"ConstantVector1D_05_Value_op": {
							"type": "IRenderMaterialEntity.EModifierOperation",
							"value": "eReplace"
						},
						"ConstantVector1D_05_Value": {
							"type": "float32",
							"value": 0.3500000047683716
						},
						"ConstantVector1D_07_Value_op": {
							"type": "IRenderMaterialEntity.EModifierOperation",
							"value": "eReplace"
						},
						"ConstantVector1D_07_Value": {
							"type": "float32",
							"value": 0.0
						}
					}
				}
			]
		},
		{
			"AddEntity": [
				"cafe7f319f937840",
				{
					"parent": "f8be67c3ff254724",
					"name": "MaterialCollectionSetupEntity02",
					"factory": "[modules:/zmaterialcollectionsetupentity.class].pc_entitytype",
					"blueprint": "[modules:/zmaterialcollectionsetupentity.class].pc_entityblueprint",
					"properties": {
						"m_aMaterials": {
							"type": "TArray<SEntityTemplateReference>",
							"value": ["cafe9bfdf40f0ea7"]
						}
					}
				}
			]
		}
	],
	"patchVersion": 6
}
