{
	"tempHash": "00363B1C38C6F5BD",
	"tbluHash": "009263D3FE88371C",
	"patch": [
		{
			"SubEntityOperation": [
				"2ca9d8e5a2b75c3e",
				{
					"PatchArrayPropertyValue": [
						"m_aMaterialCollection",
						[
							{
								"AddItemAfter": [
									"079c5c24ae115080",
									"cafeb0ca4e7c82ac"
								]
							}
						]
					]
				}
			]
		},
		{
			"AddEntity": [
				"cafe77dc38df81c3",
				{
					"parent": "177fcbcfa1a1540e",
					"name": "pistol_classic_a_silencer_blackNomaeck",
					"factory": "[assembly:/_pro/items/materials/firearms/frames/pistol_classic_a/pistol_classic_a_silencer_b.mi].pc_entitytype",
					"blueprint": "[assembly:/_pro/items/materials/firearms/frames/pistol_classic_a/pistol_classic_a_silencer_b.mi].pc_entityblueprint",
					"properties": {
						"Active": { "type": "bool", "value": true },
						"Texture2D_02": {
							"type": "ZRuntimeResourceID",
							"value": {
								"resource": "[assembly:/_pro/items/textures/firearms/generic/dirt/dirt_a.texture?/mask_a.tex](ascolormap).pc_tex",
								"flag": "5F"
							}
						},
						"Texture2D_05": {
							"type": "ZRuntimeResourceID",
							"value": {
								"resource": "[assembly:/_pro/items/textures/firearms/frames/pistol_classic_a/masks/pistol_classic_a_silencer_b_mask.texture?/mask_b.tex](ascolormap).pc_tex",
								"flag": "5F"
							}
						},
						"Texture2DNormal_01": {
							"type": "ZRuntimeResourceID",
							"value": {
								"resource": "[assembly:/_pro/items/textures/firearms/frames/pistol_classic_a/pistol_classic_a_silencer_b.texture?/normal_a.tex](asnormalmap).pc_tex",
								"flag": "5F"
							}
						},
						"Texture2D_03": {
							"type": "ZRuntimeResourceID",
							"value": {
								"resource": "[assembly:/_pro/items/textures/firearms/frames/pistol_classic_a/masks/pistol_classic_a_silencer_b_mask.texture?/mask_a.tex](ascolormap).pc_tex",
								"flag": "5F"
							}
						},
						"Override": { "type": "bool", "value": false },
						"Global": { "type": "bool", "value": false },
						"ConstantVector1D_01_Value_op": {
							"type": "IRenderMaterialEntity.EModifierOperation",
							"value": "eReplace"
						},
						"ConstantVector1D_01_Value": {
							"type": "float32",
							"value": 0.3700000047683716
						},
						"Texture2D_03_enab": {
							"type": "bool",
							"value": true
						},
						"Texture2D_01_enab": {
							"type": "bool",
							"value": true
						},
						"Texture2DNormal_01_enab": {
							"type": "bool",
							"value": true
						},
						"Texture2D_02_enab": {
							"type": "bool",
							"value": true
						},
						"Texture2D_04": {
							"type": "ZRuntimeResourceID",
							"value": {
								"resource": "[assembly:/_pro/items/textures/firearms/generic/smudge/smudge_a.texture?/diffuse_a.tex](ascolormap).pc_tex",
								"flag": "5F"
							}
						},
						"m_bForceVisible": {
							"type": "bool",
							"value": false
						},
						"Texture2D_05_enab": {
							"type": "bool",
							"value": true
						},
						"Texture2D_04_enab": {
							"type": "bool",
							"value": true
						},
						"ConstantVector1D_15_Value_op": {
							"type": "IRenderMaterialEntity.EModifierOperation",
							"value": "eReplace"
						},
						"ConstantColorRGB_01_Value_op": {
							"type": "IRenderMaterialEntity.EModifierOperation",
							"value": "eReplace"
						},
						"ConstantVector1D_22_Value_op": {
							"type": "IRenderMaterialEntity.EModifierOperation",
							"value": "eReplace"
						},
						"ConstantVector1D_27_Value_op": {
							"type": "IRenderMaterialEntity.EModifierOperation",
							"value": "eReplace"
						},
						"ConstantVector1D_24_Value_op": {
							"type": "IRenderMaterialEntity.EModifierOperation",
							"value": "eReplace"
						},
						"ConstantVector1D_39_Value_op": {
							"type": "IRenderMaterialEntity.EModifierOperation",
							"value": "eReplace"
						},
						"ConstantVector1D_40_Value_op": {
							"type": "IRenderMaterialEntity.EModifierOperation",
							"value": "eReplace"
						},
						"ConstantColorRGB_13_Value_op": {
							"type": "IRenderMaterialEntity.EModifierOperation",
							"value": "eReplace"
						},
						"ConstantColorRGB_02_Value_op": {
							"type": "IRenderMaterialEntity.EModifierOperation",
							"value": "eReplace"
						},
						"ConstantVector1D_20_Value_op": {
							"type": "IRenderMaterialEntity.EModifierOperation",
							"value": "eReplace"
						},
						"ConstantVector1D_07_Value_op": {
							"type": "IRenderMaterialEntity.EModifierOperation",
							"value": "eReplace"
						},
						"ConstantVector1D_25_Value_op": {
							"type": "IRenderMaterialEntity.EModifierOperation",
							"value": "eReplace"
						},
						"ConstantVector1D_38_Value_op": {
							"type": "IRenderMaterialEntity.EModifierOperation",
							"value": "eReplace"
						},
						"ConstantColorRGB_17_Value_op": {
							"type": "IRenderMaterialEntity.EModifierOperation",
							"value": "eReplace"
						},
						"ConstantColorRGB_10_Value_op": {
							"type": "IRenderMaterialEntity.EModifierOperation",
							"value": "eReplace"
						},
						"ConstantColorRGB_04_Value_op": {
							"type": "IRenderMaterialEntity.EModifierOperation",
							"value": "eReplace"
						},
						"ConstantColorRGB_03_Value_op": {
							"type": "IRenderMaterialEntity.EModifierOperation",
							"value": "eReplace"
						},
						"ConstantVector1D_29_Value_op": {
							"type": "IRenderMaterialEntity.EModifierOperation",
							"value": "eReplace"
						},
						"ConstantVector1D_08_Value_op": {
							"type": "IRenderMaterialEntity.EModifierOperation",
							"value": "eReplace"
						},
						"ConstantVector1D_28_Value_op": {
							"type": "IRenderMaterialEntity.EModifierOperation",
							"value": "eReplace"
						},
						"ConstantVector1D_26_Value_op": {
							"type": "IRenderMaterialEntity.EModifierOperation",
							"value": "eReplace"
						},
						"ConstantVector1D_23_Value_op": {
							"type": "IRenderMaterialEntity.EModifierOperation",
							"value": "eReplace"
						},
						"ConstantColorRGB_14_Value_op": {
							"type": "IRenderMaterialEntity.EModifierOperation",
							"value": "eReplace"
						},
						"ConstantVector1D_35_Value_op": {
							"type": "IRenderMaterialEntity.EModifierOperation",
							"value": "eReplace"
						},
						"ConstantColorRGB_11_Value_op": {
							"type": "IRenderMaterialEntity.EModifierOperation",
							"value": "eReplace"
						},
						"ConstantColorRGB_16_Value_op": {
							"type": "IRenderMaterialEntity.EModifierOperation",
							"value": "eReplace"
						},
						"ConstantColorRGB_15_Value_op": {
							"type": "IRenderMaterialEntity.EModifierOperation",
							"value": "eReplace"
						},
						"ConstantVector1D_06_Value_op": {
							"type": "IRenderMaterialEntity.EModifierOperation",
							"value": "eReplace"
						},
						"ConstantColorRGB_08_Value_op": {
							"type": "IRenderMaterialEntity.EModifierOperation",
							"value": "eReplace"
						},
						"ConstantColorRGB_07_Value_op": {
							"type": "IRenderMaterialEntity.EModifierOperation",
							"value": "eReplace"
						},
						"ConstantVector1D_19_Value_op": {
							"type": "IRenderMaterialEntity.EModifierOperation",
							"value": "eReplace"
						},
						"ConstantColorRGB_09_Value_op": {
							"type": "IRenderMaterialEntity.EModifierOperation",
							"value": "eReplace"
						},
						"ConstantColorRGB_06_Value_op": {
							"type": "IRenderMaterialEntity.EModifierOperation",
							"value": "eReplace"
						},
						"ConstantVector1D_11_Value_op": {
							"type": "IRenderMaterialEntity.EModifierOperation",
							"value": "eReplace"
						},
						"ConstantColorRGB_05_Value_op": {
							"type": "IRenderMaterialEntity.EModifierOperation",
							"value": "eReplace"
						},
						"ConstantVector3D_01_Value_op": {
							"type": "IRenderMaterialEntity.EModifierOperation",
							"value": "eReplace"
						},
						"ConstantColorRGB_18_Value_op": {
							"type": "IRenderMaterialEntity.EModifierOperation",
							"value": "eReplace"
						},
						"ConstantVector1D_13_Value_op": {
							"type": "IRenderMaterialEntity.EModifierOperation",
							"value": "eReplace"
						},
						"ConstantVector1D_10_Value_op": {
							"type": "IRenderMaterialEntity.EModifierOperation",
							"value": "eReplace"
						},
						"BoxMap_01_Scale_op": {
							"type": "IRenderMaterialEntity.EModifierOperation",
							"value": "eReplace"
						},
						"ConstantVector1D_18_Value_op": {
							"type": "IRenderMaterialEntity.EModifierOperation",
							"value": "eReplace"
						},
						"ConstantVector1D_04_Value_op": {
							"type": "IRenderMaterialEntity.EModifierOperation",
							"value": "eReplace"
						},
						"ConstantVector1D_30_Value_op": {
							"type": "IRenderMaterialEntity.EModifierOperation",
							"value": "eReplace"
						},
						"ConstantColorRGB_19_Value_op": {
							"type": "IRenderMaterialEntity.EModifierOperation",
							"value": "eReplace"
						},
						"ConstantVector1D_31_Value_op": {
							"type": "IRenderMaterialEntity.EModifierOperation",
							"value": "eReplace"
						},
						"ConstantVector1D_02_Value_op": {
							"type": "IRenderMaterialEntity.EModifierOperation",
							"value": "eReplace"
						},
						"ConstantVector1D_21_Value_op": {
							"type": "IRenderMaterialEntity.EModifierOperation",
							"value": "eReplace"
						},
						"BoxMapDiffuse_01_Scale_op": {
							"type": "IRenderMaterialEntity.EModifierOperation",
							"value": "eReplace"
						},
						"ConstantVector1D_14_Value_op": {
							"type": "IRenderMaterialEntity.EModifierOperation",
							"value": "eReplace"
						},
						"ConstantVector1D_34_Value_op": {
							"type": "IRenderMaterialEntity.EModifierOperation",
							"value": "eReplace"
						},
						"ConstantVector1D_32_Value_op": {
							"type": "IRenderMaterialEntity.EModifierOperation",
							"value": "eReplace"
						},
						"ConstantVector1D_36_Value_op": {
							"type": "IRenderMaterialEntity.EModifierOperation",
							"value": "eReplace"
						},
						"ConstantVector1D_37_Value_op": {
							"type": "IRenderMaterialEntity.EModifierOperation",
							"value": "eReplace"
						},
						"ConstantVector1D_17_Value_op": {
							"type": "IRenderMaterialEntity.EModifierOperation",
							"value": "eReplace"
						},
						"ConstantVector1D_03_Value_op": {
							"type": "IRenderMaterialEntity.EModifierOperation",
							"value": "eReplace"
						},
						"ConstantVector1D_33_Value_op": {
							"type": "IRenderMaterialEntity.EModifierOperation",
							"value": "eReplace"
						},
						"ConstantColorRGB_01_Value": {
							"type": "SColorRGB",
							"value": "#6e6e6e"
						},
						"ConstantColorRGB_02_Value": {
							"type": "SColorRGB",
							"value": "#363636"
						},
						"ConstantColorRGB_03_Value": {
							"type": "SColorRGB",
							"value": "#595959"
						},
						"ConstantColorRGB_04_Value": {
							"type": "SColorRGB",
							"value": "#0f0f0f"
						},
						"ConstantColorRGB_13_Value": {
							"type": "SColorRGB",
							"value": "#1c1c1c"
						},
						"ConstantColorRGB_14_Value": {
							"type": "SColorRGB",
							"value": "#4a4a4a"
						},
						"ConstantColorRGB_10_Value": {
							"type": "SColorRGB",
							"value": "#ffffff"
						},
						"ConstantVector1D_08_Value": {
							"type": "float32",
							"value": 0.0
						},
						"ConstantColorRGB_09_Value": {
							"type": "SColorRGB",
							"value": "#3b3729"
						},
						"Clients": {
							"type": "TArray<SEntityTemplateReference>",
							"value": []
						},
						"MaterialInstanceOverrideDest": {
							"type": "ZRuntimeResourceID",
							"value": null
						},
						"Mirror": {
							"type": "SEntityTemplateReference",
							"value": null
						},
						"m_eRoomBehaviour": {
							"type": "ZSpatialEntity.ERoomBehaviour",
							"value": "ROOM_STATIC"
						},
						"m_bVisible": { "type": "bool", "value": true },
						"m_bIsPrivate": { "type": "bool", "value": false },
						"m_bVisibleInBoxReflection": {
							"type": "bool",
							"value": true
						},
						"ConstantVector1D_06_Value": {
							"type": "float32",
							"value": 1.0
						},
						"Texture2DNormal_01_dest": {
							"type": "SEntityTemplateReference",
							"value": null
						},
						"Texture2D_05_dest": {
							"type": "SEntityTemplateReference",
							"value": null
						},
						"ConstantVector1D_19_Value": {
							"type": "float32",
							"value": 0.0
						},
						"ConstantVector1D_11_Value": {
							"type": "float32",
							"value": 5.0
						},
						"Texture2D_03_dest": {
							"type": "SEntityTemplateReference",
							"value": null
						},
						"ConstantVector3D_01_Value": {
							"type": "SVector3",
							"value": { "x": 0.0, "y": 0.0, "z": 1.0 }
						},
						"ConstantVector1D_18_Value": {
							"type": "float32",
							"value": 0.0
						},
						"ConstantVector1D_13_Value": {
							"type": "float32",
							"value": 1.0
						},
						"ConstantVector1D_10_Value": {
							"type": "float32",
							"value": 0.0
						},
						"BoxMap_01_Scale": {
							"type": "float32",
							"value": 4.0
						},
						"Texture2D_02_dest": {
							"type": "SEntityTemplateReference",
							"value": null
						},
						"Texture2D_04_dest": {
							"type": "SEntityTemplateReference",
							"value": null
						},
						"Texture2DNormal_02_enab": {
							"type": "bool",
							"value": true
						},
						"Texture2DNormal_02": {
							"type": "ZRuntimeResourceID",
							"value": null
						},
						"Texture2DNormal_02_dest": {
							"type": "SEntityTemplateReference",
							"value": null
						},
						"ConstantVector1D_17_Value": {
							"type": "float32",
							"value": 1.0
						},
						"ConstantVector1D_36_Value": {
							"type": "float32",
							"value": 0.0
						},
						"ConstantVector1D_37_Value": {
							"type": "float32",
							"value": 0.0
						},
						"ConstantVector1D_32_Value": {
							"type": "float32",
							"value": 0.0
						},
						"ConstantVector1D_35_Value": {
							"type": "float32",
							"value": 0.0
						},
						"ConstantVector1D_34_Value": {
							"type": "float32",
							"value": 0.0
						},
						"ConstantVector1D_33_Value": {
							"type": "float32",
							"value": 0.0
						},
						"BoxMapDiffuse_01_Scale": {
							"type": "float32",
							"value": 4.0
						},
						"Texture2D_01": {
							"type": "ZRuntimeResourceID",
							"value": {
								"resource": "[assembly:/_pro/environment/textures/constants/color_black.texture?/diffuse_a.tex](ascolormap).pc_tex",
								"flag": "5F"
							}
						},
						"Texture2D_01_dest": {
							"type": "SEntityTemplateReference",
							"value": null
						},
						"ConstantVector1D_31_Value": {
							"type": "float32",
							"value": 0.5
						},
						"ConstantColorRGB_19_Value": {
							"type": "SColorRGB",
							"value": "#ffffff"
						},
						"ConstantVector1D_30_Value": {
							"type": "float32",
							"value": 0.5
						},
						"ConstantColorRGB_18_Value": {
							"type": "SColorRGB",
							"value": "#ffffff"
						},
						"ConstantVector1D_23_Value": {
							"type": "float32",
							"value": 0.5
						},
						"ConstantVector1D_24_Value": {
							"type": "float32",
							"value": 0.5
						},
						"ConstantVector1D_25_Value": {
							"type": "float32",
							"value": 0.5
						},
						"ConstantVector1D_26_Value": {
							"type": "float32",
							"value": 0.5
						},
						"ConstantVector1D_27_Value": {
							"type": "float32",
							"value": 0.5
						},
						"ConstantVector1D_28_Value": {
							"type": "float32",
							"value": 0.5
						},
						"ConstantVector1D_29_Value": {
							"type": "float32",
							"value": 0.5
						},
						"ConstantColorRGB_17_Value": {
							"type": "SColorRGB",
							"value": "#ffffff"
						},
						"ConstantVector1D_20_Value": {
							"type": "float32",
							"value": 0.10000000149011612
						},
						"ConstantVector1D_40_Value": {
							"type": "float32",
							"value": 2.0
						},
						"ConstantVector1D_39_Value": {
							"type": "float32",
							"value": 1.0
						},
						"ConstantVector1D_16_Value_op": {
							"type": "IRenderMaterialEntity.EModifierOperation",
							"value": "eLeave"
						},
						"ConstantVector1D_07_Value": {
							"type": "float32",
							"value": 0.0
						},
						"ConstantVector1D_22_Value": {
							"type": "float32",
							"value": 0.10000000149011612
						},
						"ConstantVector1D_02_Value": {
							"type": "float32",
							"value": 1.0
						},
						"ConstantVector1D_03_Value": {
							"type": "float32",
							"value": 0.41999998688697815
						},
						"ConstantVector1D_04_Value": {
							"type": "float32",
							"value": 0.38999998569488525
						},
						"ConstantVector1D_21_Value": {
							"type": "float32",
							"value": 0.8399999737739563
						},
						"ConstantColorRGB_05_Value": {
							"type": "SColorRGB",
							"value": "#414141"
						},
						"ConstantColorRGB_06_Value": {
							"type": "SColorRGB",
							"value": "#414141"
						},
						"ConstantColorRGB_07_Value": {
							"type": "SColorRGB",
							"value": "#414141"
						},
						"ConstantColorRGB_08_Value": {
							"type": "SColorRGB",
							"value": "#414141"
						},
						"ConstantColorRGB_15_Value": {
							"type": "SColorRGB",
							"value": "#c2c2c2"
						},
						"ConstantColorRGB_16_Value": {
							"type": "SColorRGB",
							"value": "#000000"
						},
						"ConstantColorRGB_11_Value": {
							"type": "SColorRGB",
							"value": "#303030"
						},
						"m_mTransform": {
							"type": "SMatrix43",
							"value": {
								"rotation": {
									"x": -0.0,
									"y": 0.0,
									"z": -0.0
								},
								"position": {
									"x": 0.0,
									"y": 0.0,
									"z": 0.0
								}
							}
						},
						"ConstantVector1D_38_Value": {
							"type": "float32",
							"value": 0.14000000059604645
						},
						"ConstantVector1D_14_Value": {
							"type": "float32",
							"value": 0.6600000262260437
						},
						"ConstantVector1D_15_Value": {
							"type": "float32",
							"value": 5.0
						},
						"ConstantVector1D_41_Value": {
							"type": "float32",
							"value": 2.0
						},
						"ConstantVector1D_41_Value_op": {
							"type": "IRenderMaterialEntity.EModifierOperation",
							"value": "eLeave"
						},
						"ConstantVector1D_16_Value": {
							"type": "float32",
							"value": 1.0
						},
						"m_eidParent": {
							"type": "SEntityTemplateReference",
							"value": "177fcbcfa1a1540e",
							"postInit": true
						}
					}
				}
			]
		},
		{
			"AddEntity": [
				"cafeb0ca4e7c82ac",
				{
					"parent": "177fcbcfa1a1540e",
					"name": "MaterialCollectionSetupEntity_blacknomaeck",
					"factory": "[modules:/zmaterialcollectionsetupentity.class].pc_entitytype",
					"blueprint": "[modules:/zmaterialcollectionsetupentity.class].pc_entityblueprint",
					"properties": {
						"m_aMaterials": {
							"type": "TArray<SEntityTemplateReference>",
							"value": ["cafe77dc38df81c3"]
						}
					}
				}
			]
		}
	],
	"patchVersion": 6
}
