{
    "$schema": "https://glaciermodding.org/schemas/material.schema.json",
    "MATI": "[assembly:/_pro/environment/materials/decals/effects/aimingsight_dot_b.mi].pc_mi",
    "MATT": "",
    "MATB": "",
    "MATE": "[[assembly:/_pro/environment/materialclasses/basicmaterial.materialclass].fx](dx11).pc_mate",
    "ERES": "",
    "TYPE": "Standard",
    "Material": {
        "Instance": [
            {
                "Name": "aimingsight_dot_b.mi",
                "Tags": "",
                "Binder": [
                    {
                        "Render State": [
                            {
                                "Name": "RenderState",
                                "Enabled": 1,
                                "Blend Mode": "ADD",
                                "Opacity": 1.0,
                                "Blend Enabled": 1,
                                "Decal Blend Diffuse": 0,
                                "Decal Blend Normal": 0,
                                "Decal Blend Specular": 0,
                                "Decal Blend Roughness": 0,
                                "Decal Blend Emission": 0,
                                "Alpha Test Enabled": 0,
                                "Alpha Reference": 255,
                                "Fog Enabled": 1,
                                "Culling Mode": "DontCare",
                                "Z Bias": 0,
                                "Z Offset": 0.0,
                                "Subsurface Red": 0.0,
                                "Subsurface Green": 0.0,
                                "Subsurface Blue": 0.0,
                                "Subsurface Value": 0.0
                            }
                        ],
                        "Texture": [
                            {
                                "Name": "mapTexture2D_01",
                                "Enabled": 1,
                                "Texture Id": "[assembly:/_pro/environment/textures/constants/color_grey_200.texture?/diffuse_a.tex](ascolormap).pc_tex",
                                "Tiling U": "",
                                "Tiling V": "",
                                "Type": "AsColorMap"
                            },
                            {
                                "Name": "mapTexture2DNormal_01",
                                "Enabled": 1,
                                "Texture Id": "[assembly:/_pro/environment/textures/constants/normalmap.texture?/normal_a.tex](asnormalmap).pc_tex",
                                "Tiling U": "",
                                "Tiling V": "",
                                "Type": "AsNormalMap"
                            },
                            {
                                "Name": "mapTexture2D_03",
                                "Enabled": 1,
                                "Texture Id": "[assembly:/_pro/environment/textures/constants/color_grey_50.texture?/diffuse_a.tex](ascolormap).pc_tex",
                                "Tiling U": "",
                                "Tiling V": "",
                                "Type": "AsColorMap"
                            },
                            {
                                "Name": "mapTexture2D_04",
                                "Enabled": 1,
                                "Texture Id": "[assembly:/_pro/environment/textures/constants/color_grey_200.texture?/diffuse_a.tex](ascolormap).pc_tex",
                                "Tiling U": "",
                                "Tiling V": "",
                                "Type": "AsColorMap"
                            }
                        ],
                        "Float Value": [
                            {
                                "Name": "gm_mTransform2D_01",
                                "Enabled": 1,
                                "Value": [
                                    1.0,
                                    -0.0,
                                    0.0,
                                    0.0,
                                    0.0,
                                    1.0,
                                    0.0,
                                    0.0
                                ]
                            },
                            {
                                "Name": "ConstantVector1D_01_Value",
                                "Enabled": 1,
                                "Value": 1.0
                            },
                            {
                                "Name": "ShaderLOD_Distance",
                                "Enabled": 1,
                                "Value": 40.0
                            },
                            {
                                "Name": "ShaderLOD_FadeLength",
                                "Enabled": 1,
                                "Value": 5.0
                            },
                            {
                                "Name": "ConstantVector1D_06_Value",
                                "Enabled": 1,
                                "Value": 0.0
                            },
                            {
                                "Name": "Specular_Multiplier_Value",
                                "Enabled": 1,
                                "Value": 1.0
                            },
                            {
                                "Name": "ConstantVector1D_04_Value",
                                "Enabled": 1,
                                "Value": 0.0
                            },
                            {
                                "Name": "ConstantVector1D_05_Value",
                                "Enabled": 1,
                                "Value": 0.20000000298023224
                            },
                            {
                                "Name": "ShaderLOD_Gloss",
                                "Enabled": 1,
                                "Value": 0.0
                            },
                            {
                                "Name": "ConstantVector1D_07_Value",
                                "Enabled": 1,
                                "Value": 20.0
                            }
                        ],
                        "Color": [
                            {
                                "Name": "ConstantColorRGB_02_Value",
                                "Enabled": 1,
                                "Value": [
                                    0.856,
                                    0.584,
                                    0.325
                                ]
                            },
                            {
                                "Name": "ShaderLOD_Speccolor",
                                "Enabled": 1,
                                "Value": [
                                    0.21960780024528503,
                                    0.21960780024528503,
                                    0.21960780024528503
                                ]
                            },
                            {
                                "Name": "ConstantColorRGB_01_Value",
                                "Enabled": 1,
                                "Value": [
                                    0.750,
                                    0.490,
                                    0.250
                                ]
                            }
                        ]
                    }
                ]
            }
        ]
    },
    "Overrides": {},
    "Flags": {
        "Class": {
            "REFLECTION2D": false,
            "REFRACTION2D": false,
            "LIGHTING": true,
            "EMISSIVE": true,
            "DISCARD": false,
            "LM_SKIN": false,
            "PRIMCLASS_STANDARD": true,
            "PRIMCLASS_LINKED": false,
            "PRIMCLASS_WEIGHTED": false,
            "DOFOVERRIDE": false,
            "USES_DEFAULT_VS": true,
            "USES_SPRITE_SA_VS": false,
            "USES_SPRITE_AO_VS": false,
            "ALPHA": true,
            "USES_SIMPLE_SHADER": true,
            "DISABLE_INSTANCING": false,
            "LM_HAIR": false,
            "SAMPLE_LIGHTING": false,
            "HORIZONMAPPING": false,
            "UNKNOWN_3": false,
            "UNKNOWN_4": false,
            "UNKNOWN_5": false
        },
        "Instance": {
            "OPAQUE_EMISSIVE": false,
            "TRANS_EMISSIVE": false,
            "TRANSADD_EMISSIVE": true,
            "TRANSALL": false,
            "OPAQUE_LIT": true,
            "TRANS_LIT": false,
            "DECAL": false,
            "REFRACTIVE": false,
            "LM_SKIN": false,
            "LM_HAIR": false,
            "FORCE_EMISSIVE": false,
            "DISABLE_SHADER_LOD": true,
            "DISCARD": false,
            "DECAL_EMISSIVE": false,
            "DECAL_ALL": false,
            "WATER_CLIPPING": false,
            "SAMPLE_LIGHTING": false,
            "EXCLUDE_GLOBAL_SHADOWS": false,
            "ALL": false
        }
    }
}
