{
	"tempHash": "00568BA9B05284BA",
	"tbluHash": "00984BCBF7E59501",
	"patch": [
		{
			"SubEntityOperation": [
				"b53485b8b621cc32",
				{
					"PatchArrayPropertyValue": [
						"m_aMaterialCollection",
						[
							{
								"AddItemAfter": [
									"e760952b62a02619",
									"cafea42b214f5854"
								]
							}
						]
					]
				}
			]
		},
		{
			"AddEntity": [
				"cafea42b214f5854",
				{
					"parent": "b53485b8b621cc32",
					"name": "MaterialCollectionSetup_Classic_NOMAECK",
					"factory": "[modules:/zmaterialcollectionsetupentity.class].pc_entitytype",
					"blueprint": "[modules:/zmaterialcollectionsetupentity.class].pc_entityblueprint",
					"properties": {
						"m_aMaterials": {
							"type": "TArray<SEntityTemplateReference>",
							"value": [
								"cafe033ed3843e82",
								"98ed252733c01243"
							]
						}
					}
				}
			]
		},
		{
			"AddEntity": [
				"cafe033ed3843e82",
				{
					"parent": "b53485b8b621cc32",
					"name": "sniper_classic_a_NOMAECK",
					"factory": "[assembly:/_pro/items/materials/firearms/frames/sniper_classic_a/sniper_classic_a.mi].pc_entitytype",
					"blueprint": "[assembly:/_pro/items/materials/firearms/frames/sniper_classic_a/sniper_classic_a.mi].pc_entityblueprint",
					"properties": {
						"Texture2D_02": {
							"type": "ZRuntimeResourceID",
							"value": {
								"resource": "[assembly:/_pro/items/textures/firearms/frames/sniper_classic_a/sniper_classic_a.texture?/ao_a.tex](ascolormap).pc_tex",
								"flag": "5F"
							}
						},
						"Texture2D_02_enab": {
							"type": "bool",
							"value": true
						},
						"Texture2D_03": {
							"type": "ZRuntimeResourceID",
							"value": {
								"resource": "[assembly:/_pro/items/textures/firearms/frames/sniper_classic_a/sniper_classic_a.texture?/specular_a.tex](ascolormap).pc_tex",
								"flag": "5F"
							}
						},
						"Texture2D_01_enab": {
							"type": "bool",
							"value": true
						},
						"Texture2D_03_enab": {
							"type": "bool",
							"value": true
						},
						"Texture2DNormal_01_enab": {
							"type": "bool",
							"value": true
						},
						"Texture2DNormal_01": {
							"type": "ZRuntimeResourceID",
							"value": {
								"resource": "[assembly:/_pro/items/textures/firearms/frames/sniper_classic_a/sniper_classic_a.texture?/normal_a.tex](asnormalmap).pc_tex",
								"flag": "5F"
							}
						},
						"Texture2D_01": {
							"type": "ZRuntimeResourceID",
							"value": {
								"resource": "00E534FD8FAD21F0",
								"flag": "5F"
							}
						},
						"ConstantVector1D_01_Value_op": {
							"type": "IRenderMaterialEntity.EModifierOperation",
							"value": "eReplace"
						},
						"ConstantVector1D_01_Value": {
							"type": "float32",
							"value": 0.800000011920929
						},
						"Clients": {
							"type": "TArray<SEntityTemplateReference>",
							"value": []
						},
						"MaterialInstanceOverrideDest": {
							"type": "ZRuntimeResourceID",
							"value": null
						},
						"Active": { "type": "bool", "value": true },
						"Global": { "type": "bool", "value": false },
						"Override": { "type": "bool", "value": false },
						"Mirror": {
							"type": "SEntityTemplateReference",
							"value": null
						},
						"m_eRoomBehaviour": {
							"type": "ZSpatialEntity.ERoomBehaviour",
							"value": "ROOM_STATIC"
						},
						"m_bForceVisible": {
							"type": "bool",
							"value": false
						},
						"m_bVisible": { "type": "bool", "value": true },
						"m_bIsPrivate": { "type": "bool", "value": false },
						"m_bVisibleInBoxReflection": {
							"type": "bool",
							"value": true
						},
						"ConstantVector1D_06_Value_op": {
							"type": "IRenderMaterialEntity.EModifierOperation",
							"value": "eReplace"
						},
						"ConstantVector1D_06_Value": {
							"type": "float32",
							"value": 1.0
						},
						"Texture2DNormal_01_dest": {
							"type": "SEntityTemplateReference",
							"value": null
						},
						"Texture2D_03_dest": {
							"type": "SEntityTemplateReference",
							"value": null
						},
						"Texture2D_02_dest": {
							"type": "SEntityTemplateReference",
							"value": null
						},
						"Texture2D_04_enab": {
							"type": "bool",
							"value": true
						},
						"Texture2D_04": {
							"type": "ZRuntimeResourceID",
							"value": null
						},
						"Texture2D_04_dest": {
							"type": "SEntityTemplateReference",
							"value": null
						},
						"Texture2D_01_dest": {
							"type": "SEntityTemplateReference",
							"value": null
						},
						"ConstantColorRGB_01_Value_op": {
							"type": "IRenderMaterialEntity.EModifierOperation",
							"value": "eReplace"
						},
						"ConstantColorRGB_01_Value": {
							"type": "SColorRGB",
							"value": "#111111"
						},
						"ConstantVector1D_07_Value_op": {
							"type": "IRenderMaterialEntity.EModifierOperation",
							"value": "eReplace"
						},
						"ConstantVector1D_07_Value": {
							"type": "float32",
							"value": 0.0
						},
						"ConstantVector1D_04_Value_op": {
							"type": "IRenderMaterialEntity.EModifierOperation",
							"value": "eReplace"
						},
						"ConstantVector1D_04_Value": {
							"type": "float32",
							"value": 0.5
						},
						"m_mTransform": {
							"type": "SMatrix43",
							"value": {
								"rotation": {
									"x": -0.0,
									"y": 0.0,
									"z": -0.0
								},
								"position": {
									"x": 0.0,
									"y": 0.0,
									"z": 0.0
								}
							}
						},
						"m_eidParent": {
							"type": "SEntityTemplateReference",
							"value": "07ab1dd2e255e72d",
							"postInit": true
						}
					}
				}
			]
		}
	],
	"patchVersion": 6
}
