{
	"tempHash": "00568BA9B05284BA",
	"tbluHash": "00984BCBF7E59501",
	"patch": [
		{
			"SubEntityOperation": [
				"3af524bff47229b9",
				{
					"SetPropertyValue": {
						"property_name": "m_mTransform",
						"value": {
							"rotation": { "x": -0.0, "y": 0.0, "z": -0.0 },
							"position": {
								"x": 0.0,
								"y": -0.09199999988079072,
								"z": 0.003000000026077032
							}
						}
					}
				}
			]
		},
		{
			"SubEntityOperation": [
				"501f1c964d403e42",
				{
					"SetPropertyValue": {
						"property_name": "m_mTransform",
						"value": {
							"rotation": { "x": -0.0, "y": 0.0, "z": -0.0 },
							"position": {
								"x": 0.0,
								"y": -0.08899999988079071,
								"z": 0.003000000026077032
							}
						}
					}
				}
			]
		}
	],
	"patchVersion": 6
}
