{
	"tempHash": "000AF666EB16D92D",
	"tbluHash": "00A2C0077DEF6825",
	"patch": [
		{
			"SubEntityOperation": [
				"d884beba38afcc90",
				{
					"PatchArrayPropertyValue": [
						"m_aGeomSetups",
						[
							{
								"AddItemAfter": [
									"cf28c16cc7532501",
									"cafe14399ec94bd9"
								]
							},
							{
								"AddItemAfter": [
									"cf28c16cc7532501",
									"cafe87ccf09ee0f6"
								]
							},
							{
								"AddItemAfter": [
									"cf28c16cc7532501",
									"cafe00a3e50f84c7"
								]
							},
							{
								"AddItemAfter": [
									"cf28c16cc7532501",
									"cafe4d933392ba0d"
								]
							}
						]
					]
				}
			]
		},
		{
			"SubEntityOperation": [
				"a2dd537a2bf03e7e",
				{
					"PatchArrayPropertyValue": [
						"m_aGeomSetups",
						[
							{
								"AddItemAfter": [
									"0e8674e29243bf84",
									"0e8674e29243bf84"
								]
							},
							{
								"AddItemAfter": [
									"0e8674e29243bf84",
									"7507318dc2403c6f"
								]
							},
							{
								"AddItemAfter": [
									"0e8674e29243bf84",
									"460c389eac021006"
								]
							},
							{
								"AddItemAfter": [
									"0e8674e29243bf84",
									"57d6d2b5ba8f3937"
								]
							}
						]
					]
				}
			]
		},
		{
			"AddEntity": [
				"cafe4d933392ba0d",
				{
					"parent": "b3ca820cad6048d0",
					"name": "sniper_leviathan_scope_a_Sieger300",
					"factory": "[assembly:/_pro/items/templates/firearms/accesories/scopes.template?/sniper_leviathan_scope_a.entitytemplate].pc_entitytype",
					"blueprint": "[assembly:/_pro/items/templates/firearms/accesories/scopes.template?/sniper_leviathan_scope_a.entitytemplate].pc_entityblueprint",
					"properties": {
						"m_mTransform": {
							"type": "SMatrix43",
							"value": {
								"rotation": {
									"x": -0.0,
									"y": 0.0,
									"z": -0.0
								},
								"position": {
									"x": 0.0,
									"y": -0.05416200026869774,
									"z": 0.001
								}
							}
						},
						"m_bVisible": { "type": "bool", "value": false },
						"m_eidParent": {
							"type": "SEntityTemplateReference",
							"value": "b3ca820cad6048d0",
							"postInit": true
						}
					},
					"subsets": { "AudioEmitters": ["b3ca820cad6048d0"] }
				}
			]
		},
		{
			"AddEntity": [
				"cafe00a3e50f84c7",
				{
					"parent": "b3ca820cad6048d0",
					"name": "scope_sniper_bartoli_huntingrifle_ICA_A_Bullpup",
					"factory": "[assembly:/_pro/items/templates/firearms/accesories/scopes.template?/scope_sniper_bartoli_huntingrifle_ica_a.entitytemplate].pc_entitytype",
					"blueprint": "[assembly:/_pro/items/templates/firearms/accesories/scopes.template?/scope_sniper_bartoli_huntingrifle_ica_a.entitytemplate].pc_entityblueprint",
					"properties": {
						"m_mTransform": {
							"type": "SMatrix43",
							"value": {
								"rotation": {
									"x": -0.0,
									"y": 0.0,
									"z": -0.0
								},
								"position": {
									"x": 0.0028899998869746923,
									"y": -0.0175,
									"z": -0.0015
								}
							}
						},
						"m_bVisible": { "type": "bool", "value": false },
						"m_eidParent": {
							"type": "SEntityTemplateReference",
							"value": "b3ca820cad6048d0",
							"postInit": true
						}
					},
					"subsets": { "AudioEmitters": ["b3ca820cad6048d0"] }
				}
			]
		},
		{
			"AddEntity": [
				"cafe87ccf09ee0f6",
				{
					"parent": "b3ca820cad6048d0",
					"name": "scope_sniper_bartoli_woodsman_A_Bullpup",
					"factory": "[assembly:/_pro/items/templates/firearms/accesories/scopes.template?/scope_sniper_bartoli_woodsman_a.entitytemplate].pc_entitytype",
					"blueprint": "[assembly:/_pro/items/templates/firearms/accesories/scopes.template?/scope_sniper_bartoli_woodsman_a.entitytemplate].pc_entityblueprint",
					"properties": {
						"m_mTransform": {
							"type": "SMatrix43",
							"value": {
								"rotation": {
									"x": -0.0,
									"y": 0.0,
									"z": -0.0
								},
								"position": {
									"x": 0.0,
									"y": -0.0195,
									"z": 0.0011
								}
							}
						},
						"m_bForceVisible": {
							"type": "bool",
							"value": false
						},
						"m_bVisible": { "type": "bool", "value": false },
						"m_eidParent": {
							"type": "SEntityTemplateReference",
							"value": "b3ca820cad6048d0",
							"postInit": true
						}
					},
					"subsets": { "AudioEmitters": ["b3ca820cad6048d0"] }
				}
			]
		},
		{
			"AddEntity": [
				"cafe14399ec94bd9",
				{
					"parent": "b3ca820cad6048d0",
					"name": "scope_sniper_bartoli_Ancestral_A_Bullpup",
					"factory": "[assembly:/_pro/items/templates/firearms/accesories/scopes.template?/scope_sniper_bartoli_ancestral_a.entitytemplate].pc_entitytype",
					"blueprint": "[assembly:/_pro/items/templates/firearms/accesories/scopes.template?/scope_sniper_bartoli_ancestral_a.entitytemplate].pc_entityblueprint",
					"properties": {
						"m_mTransform": {
							"type": "SMatrix43",
							"value": {
								"rotation": {
									"x": -0.0,
									"y": 0.0,
									"z": -0.0
								},
								"position": {
									"x": 0.0028901100158691406,
									"y": -0.0195,
									"z": 0.0011
								}
							}
						},
						"m_bVisible": { "type": "bool", "value": false },
						"m_eidParent": {
							"type": "SEntityTemplateReference",
							"value": "b3ca820cad6048d0",
							"postInit": true
						}
					},
					"subsets": { "AudioEmitters": ["b3ca820cad6048d0"] }
				}
			]
		}
	],
	"patchVersion": 6
}
